snapshot,F_future,dF,n,F_parity,pct
2026-01-02,7046.75,-17.581050078347715,28,7029.168949921653,-0.24949161071909343
2026-01-05,7091.5,-17.61244457265341,29,7073.887555427346,-0.24835993192770797
2026-01-06,7138.5,-18.096509433957934,29,7120.403490566042,-0.2535057705954743
2026-01-07,7109.75,-17.242072299409696,28,7092.507927700591,-0.24251306022588268
2026-01-08,7110.0,-17.938004012644168,28,7092.061995987356,-0.25229260214689403
2026-01-09,7157.75,-17.420463479309504,28,7140.32953652069,-0.24337904340483396
2026-01-12,7170.5,-17.40995420741163,29,7153.090045792588,-0.2427997239719912
2026-01-13,7155.75,-16.963583524514213,28,7138.786416475486,-0.23706227194234306
2026-01-14,7116.75,-16.715679743194855,29,7100.034320256806,-0.2348779954782008
2026-01-15,7136.75,-17.579585851378145,29,7119.170414148622,-0.24632480963152897
2026-01-16,7132.25,-17.231116215725773,28,7115.018883784274,-0.24159439469628483
2026-01-20,6980.0,-17.252534099560087,28,6962.74746590044,-0.24717097563839666
2026-01-21,7061.0,-16.918810631614754,28,7044.081189368385,-0.2396092710892898
2026-01-22,7101.0,-16.70767924628211,28,7084.292320753718,-0.23528628709029872
2026-01-23,7103.5,-16.76296373574173,28,7086.737036264259,-0.23598175175254074
2026-01-26,7138.0,-16.48627507715507,29,7121.513724922845,-0.2309649072170786
2026-01-27,7163.75,-17.669490738180073,29,7146.08050926182,-0.24665141494580453
2026-01-28,7168.5,-16.53903688005378,29,7151.960963119946,-0.2307182378468826
2026-01-29,7148.0,-16.990953735234832,29,7131.009046264765,-0.23770220670446043
2026-01-30,7121.0,-16.35324221536432,29,7104.646757784636,-0.22964811424468926
2026-02-02,7157.75,-19.235875100647128,28,7138.514124899353,-0.26874192449648465
2026-02-03,7095.5,-16.68962164596616,29,7078.810378354034,-0.23521417301058645
2026-02-04,7059.25,-16.861102198896802,28,7042.388897801103,-0.2388511838920112
2026-02-05,6967.75,-14.216965538731065,27,6953.533034461269,-0.20403954703786825
2026-02-06,7104.75,-16.996988988785077,28,7087.753011011215,-0.2392341600870555
2026-02-09,7134.5,-16.321392790963994,29,7118.178607209036,-0.22876715664677263
2026-02-10,7108.25,-16.336538753549057,28,7091.913461246451,-0.22982504489218947
2026-02-11,7113.0,-17.698127341288526,29,7095.3018726587115,-0.24881382456471987
2026-02-12,6999.25,-16.442224374147035,28,6982.807775625853,-0.23491408899735022
2026-02-13,6996.0,-16.372477172786148,28,6979.627522827213,-0.23402626033142007
2026-02-17,7010.25,-15.560461912805412,28,6994.689538087195,-0.22196728950901057
2026-02-18,7043.75,-15.001025023314037,28,7028.7489749766855,-0.2129692993549464
2026-02-19,7027.25,-15.901360239085928,28,7011.348639760914,-0.2262814079346249
2026-02-20,7073.5,-15.857014819226116,28,7057.642985180774,-0.22417494619673592
2026-02-23,7000.0,-15.190744790756607,28,6984.809255209243,-0.21701063986795155
2026-02-24,7054.5,-15.718566895477569,28,7038.781433104523,-0.2228161725916446
2026-02-25,7111.5,-15.727180114044351,29,7095.772819885956,-0.22115137613786615
2026-02-26,7071.5,-14.136455177953234,28,7057.363544822047,-0.19990744789582457
2026-02-27,7041.75,-14.1141624189069,29,7027.635837581093,-0.20043543748225798
2026-03-02,7041.0,-14.234022202524741,29,7026.765977797475,-0.20215909959557934
2026-03-03,6974.0,-14.135307659033744,28,6959.864692340966,-0.20268579952729773
2026-03-04,7029.25,-14.202990334413649,28,7015.047009665586,-0.20205555833714334
2026-03-05,6986.75,-15.408659890158884,28,6971.341340109841,-0.22054116563722595
2026-03-06,6891.25,-12.069747331185386,27,6879.180252668814,-0.17514597977413945
2026-03-09,6948.75,-13.85517007168577,28,6934.894829928314,-0.19939082671970887
2026-03-10,6936.5,-14.623317755549092,28,6921.876682244451,-0.21081695027101696
2026-03-11,6930.5,-12.479190043006941,28,6918.020809956993,-0.18006190091633995
2026-03-12,6827.25,-13.501863375416448,28,6813.748136624584,-0.19776430298314035
2026-03-13,6783.75,-12.076842481890644,27,6771.673157518109,-0.17802605464368004
2026-03-16,6855.25,-13.077979039237654,28,6842.172020960762,-0.19077318900459728
2026-03-17,6873.0,-13.31645108194622,28,6859.683548918054,-0.19375019761306883
2026-03-18,6779.0,-12.551984742135769,28,6766.448015257864,-0.1851598280297355
2026-03-19,6761.75,-13.099417940097444,27,6748.650582059902,-0.19372822035859716
2026-03-20,6660.75,-9.180976851258588,27,6651.5690231487415,-0.1378369830913724
2026-03-23,6737.0,-11.614580174383471,27,6725.385419825617,-0.17239988384122712
2026-03-24,6710.25,-11.068065085798763,27,6699.1819349142015,-0.1649426636235425
2026-03-25,6743.25,-11.744491316833622,27,6731.505508683166,-0.1741666305836744
2026-03-26,6629.75,-12.359279161265846,26,6617.3907208387345,-0.18642149645561062
2026-03-27,6514.0,-10.261061566895492,26,6503.7389384331045,-0.15752320489554025
2026-03-30,6484.0,-10.816263877505433,26,6473.183736122494,-0.1668146804056976
2026-03-31,6669.5,-12.078364655235037,27,6657.421635344765,-0.1810985029647655
2026-04-01,6719.0,-12.416920916837851,27,6706.583079083162,-0.18480310934421568
2026-04-02,6722.0,-10.975628424635614,27,6711.024371575364,-0.16327920893537062
2026-04-06,6756.0,-10.068163790297733,27,6745.931836209702,-0.1490255149540813
2026-04-07,6755.0,-11.049746466630124,27,6743.9502535333695,-0.16357877818845484
2026-04-08,6929.5,-11.5751321811854,28,6917.924867818814,-0.16704137645119274
2026-04-09,6971.0,-10.84921397423291,28,6960.150786025767,-0.15563353857743378
2026-04-10,6962.5,-10.857838066308556,28,6951.642161933692,-0.15594740490209777
2026-04-13,7032.0,-11.607854852828929,28,7020.3921451471715,-0.1650718835726526
2026-04-14,7116.0,-12.240135687092412,29,7103.759864312908,-0.17200865215138295
2026-04-15,7172.25,-12.027051423083755,29,7160.222948576917,-0.16768868100085407
2026-04-16,7189.75,-11.448160305004894,29,7178.301839694995,-0.15922890649890323
2026-04-17,7273.75,-12.144356858689065,29,7261.605643141311,-0.16696142785618237
2026-04-20,7260.25,-11.34393309927912,29,7248.906066900721,-0.15624714161742528
2026-04-21,7212.25,-11.804234779074033,29,7200.445765220926,-0.1636692402381231
2026-04-22,7284.25,-12.002403349797195,29,7272.2475966502025,-0.16477198544527158
2026-04-23,7255.0,-12.16172758111636,29,7242.838272418883,-0.16763235811325097
2026-04-24,7306.5,-11.128697761214719,29,7295.371302238786,-0.15231229400143323
2026-04-27,7317.5,-11.394005338428101,29,7306.1059946615715,-0.15570898993410456
2026-04-28,7282.0,-13.613194267460877,29,7268.386805732539,-0.1869430687649118
2026-04-29,7279.0,-9.260891417781384,30,7269.739108582218,-0.12722752325568598
2026-04-30,7356.25,-12.106409669125767,30,7344.143590330874,-0.16457311359899088
2026-05-01,7371.75,-9.919093708940713,29,7361.830906291059,-0.13455548151986588
2026-05-04,7343.0,-11.578012853034206,29,7331.421987146966,-0.15767415025240647
2026-05-05,7400.75,-10.359631729675904,30,7390.390368270324,-0.13998083612709394
2026-05-06,7504.25,-12.059654251553383,30,7492.190345748447,-0.1607043242369775
2026-05-07,7477.75,-8.43823645835342,30,7469.3117635416465,-0.11284459173352172
2026-05-08,7535.25,-10.913509182929399,30,7524.336490817071,-0.14483274188553
2026-05-11,7554.25,-9.35875216848328,30,7544.891247831517,-0.12388724451114644
2026-05-12,7544.25,-11.185392703682963,30,7533.064607296317,-0.1482638128864097
2026-05-13,7588.75,-12.471686177719924,31,7576.27831382228,-0.1643444068880899
2026-05-14,7646.5,-9.496923050856106,31,7637.003076949144,-0.12419960832872694
2026-05-15,7552.0,-11.86239341549209,30,7540.137606584508,-0.15707618399751178
2026-05-18,7545.75,-8.247136796032898,30,7537.5028632039675,-0.10929512369258056
2026-05-19,7497.25,-10.095962979983366,30,7487.154037020016,-0.13466221587893382
2026-05-20,7573.0,-8.59255267199854,30,7564.407447328002,-0.11346299580085223
2026-05-21,7586.5,-10.372299323748331,31,7576.127700676252,-0.1367204814308091
2026-05-22,7614.5,-10.192672705724164,31,7604.307327294276,-0.1338587261898242
2026-05-26,7660.75,-9.523505501093382,31,7651.2264944989065,-0.12431557616543265
2026-05-27,7665.0,-9.12284883535085,31,7655.877151164649,-0.11901955427724525
2026-05-28,7708.5,-11.260430485200452,31,7697.2395695148,-0.14607810190309986
2026-05-29,7721.75,-11.035500149563351,31,7710.714499850436,-0.14291449670817305
2026-06-01,7739.5,-10.451801597658227,31,7729.048198402342,-0.13504492018422673
